/Evaluation-of-Russia-by-finnish-intelligence-colonel/index.{html} /Evaluation-of-Russia-by-finnish-intelligence-colonel/
/Key-to-Writing-Criminally-Good-Relationships/index.{html} /Key-to-Writing-Criminally-Good-Relationships/
/Kom%C3%B6%C3%B6dia-by-Mart-Kangro/index.{html} /Kom%C3%B6%C3%B6dia-by-Mart-Kangro/
/The-Network-State/index.{html} /The-Network-State/
/Why-sex-food-and-shelter-arent-enough-for-Homo-Sapiens/index.{html} /Why-sex-food-and-shelter-arent-enough-for-Homo-Sapiens/
/Dr-Ks-Guide-Depression/index.{html} /Dr-Ks-Guide-Depression/
/Carl-Jung/index.{html} /Carl-Jung/
/Normalization-of-deviance/index.{html} /Normalization-of-deviance/
/Trollid-j%C3%A4rve-%C3%A4%C3%A4res/index.{html} /Trollid-j%C3%A4rve-%C3%A4%C3%A4res/
/9-tactics-to-build-a-stronger-mind/index.{html} /9-tactics-to-build-a-stronger-mind/
/Darkest-Truths-About-Life/index.{html} /Darkest-Truths-About-Life/
/Do-not-chase-happiness-become-antifragile/index.{html} /Do-not-chase-happiness-become-antifragile/
/How-the-World-Thinks/index.{html} /How-the-World-Thinks/
/Malthusianism/index.{html} /Malthusianism/
/The-Bear/index.{html} /The-Bear/
/This-is-not-who-I-am/index.{html} /This-is-not-who-I-am/
/Whats-Our-Problem/index.{html} /Whats-Our-Problem/
/Barbie/index.{html} /Barbie/
/Has-the-sexual-revolution-backfired/index.{html} /Has-the-sexual-revolution-backfired/
/Kaitsev%C3%A4gi-ajateenistus/index.{html} /Kaitsev%C3%A4gi-ajateenistus/
/Stutz-The-Tools/index.{html} /Stutz-The-Tools/
/Vegan-diets-do-not-work-here-is-why/index.{html} /Vegan-diets-do-not-work-here-is-why/
/What-is-the-most-fulfilling-way-a-human-can-spend-their-life/index.{html} /What-is-the-most-fulfilling-way-a-human-can-spend-their-life/
/index.html /
/Everyone-Is-Beautiful-and-No-One-Is-Horny/index.{html} /Everyone-Is-Beautiful-and-No-One-Is-Horny/
/Richard-Haier-IQ-Tests-Human-Intelligence-and-Group-Differences-Lex-Fridman-Podcast/index.{html} /Richard-Haier-IQ-Tests-Human-Intelligence-and-Group-Differences-Lex-Fridman-Podcast/
/You-probably-need-way-more-Protein/index.{html} /You-probably-need-way-more-Protein/
/Persona-4/index.{html} /Persona-4/
/Elden-Ring/index.{html} /Elden-Ring/
/Corporeal-Mime-GUILLAUME-PIG%C3%89/index.{html} /Corporeal-Mime-GUILLAUME-PIG%C3%89/
/The-Future-of-5up-Using-500-IQ-to-Find-Purpose/index.{html} /The-Future-of-5up-Using-500-IQ-to-Find-Purpose/
/What-is-Self-Realization-A-Full-Explanation-and-Walkthrough/index.{html} /What-is-Self-Realization-A-Full-Explanation-and-Walkthrough/
/How-spirituality-protects-your-brain-from-despair/index.{html} /How-spirituality-protects-your-brain-from-despair/
/Bishop-Robert-Barron-Christianity-and-the-Catholic-Church-Lex-Fridman-Podcast/index.{html} /Bishop-Robert-Barron-Christianity-and-the-Catholic-Church-Lex-Fridman-Podcast/
/Entropy-spreading-of-energy-not-chaos/index.{html} /Entropy-spreading-of-energy-not-chaos/
/Never-split-the-difference-negotiating/index.{html} /Never-split-the-difference-negotiating/
/Nier-Automata/index.{html} /Nier-Automata/
/Nominal-rigidity/index.{html} /Nominal-rigidity/
/One-Flew-Over-the-Cuckoos-Nest/index.{html} /One-Flew-Over-the-Cuckoos-Nest/
/Tightrope-of-Discipline/index.{html} /Tightrope-of-Discipline/
/16-seconds-to-change-a-habit/index.{html} /16-seconds-to-change-a-habit/
/AI-panic/index.{html} /AI-panic/
/Dr-Ks-Guide-Anxiety/index.{html} /Dr-Ks-Guide-Anxiety/
/How-inflation-enriches-politicians-and-the-1/index.{html} /How-inflation-enriches-politicians-and-the-1/
/2022-in-review-CERN-living-alone/index.{html} /2022-in-review-CERN-living-alone/
/Visual-design-rules-you-can-safely-follow-every-time/index.{html} /Visual-design-rules-you-can-safely-follow-every-time/
/Review-of-Kaitos-Favorite-Characters-list/index.{html} /Review-of-Kaitos-Favorite-Characters-list/
/Dr-Ks-Guide-Meditation/index.{html} /Dr-Ks-Guide-Meditation/
/Argue-smarter-debate-coach-Bo-Seo/index.{html} /Argue-smarter-debate-coach-Bo-Seo/
/Metal-Gear-Rising-Revengeance/index.{html} /Metal-Gear-Rising-Revengeance/
/Why-Im-against-empathy/index.{html} /Why-Im-against-empathy/
/Outliers-extended-families-better-health-outcomes/index.{html} /Outliers-extended-families-better-health-outcomes/
/Have-we-become-programmed-to-be-too-materialistic/index.{html} /Have-we-become-programmed-to-be-too-materialistic/
/Limerence/index.{html} /Limerence/
/Why-finding-a-partner-is-so-hard-in-the-internet-age/index.{html} /Why-finding-a-partner-is-so-hard-in-the-internet-age/
/Why-so-many-people-need-glasses-now/index.{html} /Why-so-many-people-need-glasses-now/
/Agape-Kohvik-SuveCamp-2023/index.{html} /Agape-Kohvik-SuveCamp-2023/
/The-One-Minute-Manager/index.{html} /The-One-Minute-Manager/
/Zom-100/index.{html} /Zom-100/
/Self-Improvement-Addiction/index.{html} /Self-Improvement-Addiction/
/Hustle-culture-kills-happiness/index.{html} /Hustle-culture-kills-happiness/
